year,month,nao,nino34,amo
1948,1,,,-0.021
1948,2,,,-0.034
1948,3,,,0.022
1948,4,,,-0.076
1948,5,,,-0.01
1948,6,,,0.049
1948,7,,,-0.046
1948,8,,,-0.029
1948,9,,,-0.059
1948,10,,,0.001
1948,11,,,0.128
1948,12,,,0.056
1949,1,,,0.147
1949,2,,,0.154
1949,3,,,0.032
1949,4,,,0.092
1949,5,,,-0.03
1949,6,,,-0.005
1949,7,,,0.065
1949,8,,,0.096
1949,9,,,0.064
1949,10,,,0.098
1949,11,,,0.102
1949,12,,,0.112
1950,1,0.56,24.55,0.105
1950,2,0.01,25.06,-0.04
1950,3,-0.78,25.87,-0.112
1950,4,0.65,26.28,-0.137
1950,5,-0.5,26.18,-0.065
1950,6,0.25,26.46,-0.049
1950,7,-1.23,26.29,-0.062
1950,8,-0.19,25.88,0.014
1950,9,0.39,25.74,0.003
1950,10,1.43,25.69,-0.097
1950,11,-1.46,25.47,0.073
1950,12,-1.03,25.29,0.082
1951,1,-0.42,25.24,0.096
1951,2,0.35,25.71,-0.008
1951,3,-1.47,26.9,0.006
1951,4,-0.38,27.58,0.162
1951,5,-0.5,27.92,0.166
1951,6,-1.35,27.73,0.283
1951,7,1.39,27.6,0.415
1951,8,-0.41,27.02,0.297
1951,9,-1.18,27.23,0.243
1951,10,2.54,27.2,0.252
1951,11,-0.54,27.25,0.168
1951,12,1.13,26.91,0.168
1952,1,0.57,26.67,0.165
1952,2,-1.38,26.74,0.176
1952,3,-1.97,27.17,0.224
1952,4,0.95,27.8,0.184
1952,5,-0.99,27.79,0.174
1952,6,-0.1,27.18,0.376
1952,7,-0.06,26.53,0.366
1952,8,-0.49,26.3,0.397
1952,9,-0.38,26.36,0.355
1952,10,-0.28,26.26,0.348
1952,11,-1.32,25.92,0.244
1952,12,-0.49,26.21,0.334
1953,1,-0.12,26.74,0.258
1953,2,-1.0,27.0,0.178
1953,3,-0.45,27.57,0.134
1953,4,-1.96,28.04,0.306
1953,5,-0.56,28.28,0.335
1953,6,1.41,28.12,0.268
1953,7,0.43,27.43,0.337
1953,8,-1.04,26.94,0.251
1953,9,-0.19,27.01,0.273
1953,10,1.95,26.87,0.141
1953,11,0.96,26.88,0.237
1953,12,-0.52,27.0,0.251
1954,1,-0.08,26.98,0.22
1954,2,0.4,27.03,0.088
1954,3,-1.27,26.9,0.093
1954,4,1.31,26.64,-0.021
1954,5,-0.03,27.12,0.062
1954,6,0.06,26.8,0.092
1954,7,-0.57,26.11,-0.052
1954,8,-2.57,25.43,-0.022
1954,9,-0.28,25.12,-0.018
1954,10,1.16,25.23,-0.04
1954,11,0.29,25.57,-0.034
1954,12,0.55,25.26,-0.059
1955,1,-2.65,25.61,0.068
1955,2,-1.71,25.81,0.033
1955,3,-0.96,26.22,0.034
1955,4,-0.6,26.6,0.088
1955,5,-0.26,26.66,0.169
1955,6,-0.8,26.55,0.186
1955,7,1.78,26.15,0.261
1955,8,1.25,25.51,0.167
1955,9,0.46,25.28,0.195
1955,10,-1.09,24.41,0.271
1955,11,-1.49,24.25,0.378
1955,12,0.07,24.57,0.249
1956,1,-0.76,25.34,0.179
1956,2,-1.71,25.76,0.087
1956,3,-0.46,26.46,0.006
1956,4,-1.3,26.85,0.056
1956,5,2.1,27.13,-0.066
1956,6,0.41,26.81,-0.272
1956,7,-0.72,26.23,-0.098
1956,8,-1.89,25.68,-0.106
1956,9,0.38,25.73,-0.097
1956,10,1.47,25.75,-0.051
1956,11,0.4,25.56,-0.095
1956,12,0.0,25.71,0.011
1957,1,0.71,26.04,-0.089
1957,2,-0.32,26.54,-0.114
1957,3,-1.73,27.46,-0.027
1957,4,0.39,28.23,-0.082
1957,5,-0.68,28.55,-0.129
1957,6,-0.42,28.36,-0.02
1957,7,-1.16,28.17,0.032
1957,8,-0.83,27.69,0.194
1957,9,-1.47,27.44,0.213
1957,10,1.95,27.42,0.141
1957,11,0.63,27.62,0.076
1957,12,0.02,27.9,0.071
1958,1,-1.14,28.33,0.04
1958,2,-1.64,28.24,0.18
1958,3,-2.46,28.27,0.336
1958,4,0.26,28.27,0.338
1958,5,-0.17,28.31,0.193
1958,6,-1.08,27.99,0.213
1958,7,-1.69,27.32,0.156
1958,8,-2.13,26.85,0.152
1958,9,0.08,26.4,0.204
1958,10,0.68,26.45,0.143
1958,11,1.59,26.75,0.176
1958,12,-0.74,26.62,0.211
1959,1,-1.52,27.07,0.091
1959,2,0.33,27.18,0.106
1959,3,-0.56,27.47,-0.036
1959,4,0.25,27.88,-0.013
1959,5,0.41,27.7,-0.002
1959,6,0.71,27.37,-0.068
1959,7,0.77,26.44,-0.041
1959,8,-0.05,26.09,0.003
1959,9,1.0,25.92,0.116
1959,10,1.48,26.24,0.103
1959,11,0.3,26.04,0.042
1959,12,0.32,26.18,0.1
1960,1,-2.01,26.27,0.167
1960,2,-2.59,26.29,0.207
1960,3,-0.93,26.98,0.079
1960,4,1.33,27.49,0.088
1960,5,0.47,27.68,0.293
1960,6,0.1,27.24,0.31
1960,7,0.38,26.88,0.261
1960,8,-1.93,26.7,0.326
1960,9,0.53,26.44,0.201
1960,10,-1.37,26.22,0.287
1960,11,-0.67,26.26,0.241
1960,12,-0.03,26.22,0.128
1961,1,-0.03,26.23,0.051
1961,2,0.07,26.56,0.071
1961,3,0.17,26.94,0.139
1961,4,-1.83,27.36,0.217
1961,5,-0.28,27.75,0.184
1961,6,1.17,27.67,0.023
1961,7,-0.36,26.89,-0.029
1961,8,1.03,26.19,0.026
1961,9,1.36,25.78,-0.007
1961,10,1.07,25.71,0.019
1961,11,-0.79,26.07,0.057
1961,12,-1.46,25.97,0.203
1962,1,0.2,25.96,0.139
1962,2,0.18,26.19,0.142
1962,3,-2.99,26.8,0.155
1962,4,0.93,27.13,0.077
1962,5,-0.04,27.05,0.013
1962,6,0.47,27.08,-0.081
1962,7,-2.43,26.76,-0.018
1962,8,0.05,26.33,-0.073
1962,9,-0.21,25.94,-0.006
1962,10,0.96,25.97,0.055
1962,11,-0.38,25.75,0.036
1962,12,-1.31,25.67,0.18
1963,1,-2.98,25.77,0.147
1963,2,-1.53,26.22,0.155
1963,3,-0.85,27.18,0.123
1963,4,-1.61,27.78,0.093
1963,5,2.05,27.63,-0.095
1963,6,-0.13,27.62,-0.058
1963,7,-0.74,27.78,-0.046
1963,8,-0.95,27.48,-0.084
1963,9,1.89,27.4,-0.213
1963,10,1.53,27.36,-0.082
1963,11,-1.47,27.47,-0.068
1963,12,-1.87,27.62,-0.071
1964,1,-1.62,27.34,-0.086
1964,2,-2.06,27.13,0.01
1964,3,-1.66,27.02,0.028
1964,4,0.25,26.95,-0.157
1964,5,0.53,26.82,0.03
1964,6,1.61,26.59,-0.007
1964,7,1.92,26.33,-0.155
1964,8,-2.4,25.6,-0.245
1964,9,0.34,25.32,-0.231
1964,10,1.32,25.37,-0.282
1964,11,-0.14,25.26,-0.177
1964,12,-0.23,25.23,-0.132
1965,1,-0.65,25.66,-0.21
1965,2,-2.2,26.19,-0.188
1965,3,-1.99,26.94,-0.089
1965,4,0.64,27.38,-0.108
1965,5,-0.52,27.99,-0.11
1965,6,0.6,28.09,-0.138
1965,7,0.35,27.9,-0.199
1965,8,0.45,27.97,-0.221
1965,9,0.51,28.01,-0.233
1965,10,0.92,28.17,-0.259
1965,11,-1.88,28.12,-0.288
1965,12,1.18,27.96,-0.135
1966,1,-2.54,27.67,-0.087
1966,2,-2.02,27.55,-0.001
1966,3,0.18,28.21,-0.021
1966,4,-0.96,28.16,0.032
1966,5,0.25,27.55,-0.01
1966,6,1.37,27.64,-0.057
1966,7,0.35,27.33,-0.067
1966,8,-2.39,26.48,-0.055
1966,9,-0.29,26.27,-0.012
1966,10,-0.23,26.22,0.002
1966,11,-0.18,26.23,-0.009
1966,12,0.58,26.03,0.068
1967,1,-1.55,25.88,0.07
1967,2,-0.23,26.11,0.076
1967,3,1.18,26.5,-0.046
1967,4,0.05,26.74,-0.027
1967,5,-0.87,27.35,-0.199
1967,6,1.72,27.47,-0.273
1967,7,0.44,26.97,-0.242
1967,8,1.73,26.44,-0.177
1967,9,1.05,25.86,-0.109
1967,10,0.59,25.97,-0.112
1967,11,0.5,26.08,-0.246
1967,12,-0.51,25.95,-0.165
1968,1,-0.36,25.69,-0.259
1968,2,-1.91,25.68,-0.21
1968,3,0.02,26.33,-0.221
1968,4,-1.32,27.1,-0.168
1968,5,-1.58,27.19,-0.136
1968,6,0.64,27.88,-0.275
1968,7,-0.77,27.58,-0.242
1968,8,-0.97,27.01,-0.226
1968,9,-1.73,26.72,-0.162
1968,10,-1.99,26.75,-0.126
1968,11,-1.11,27.2,-0.12
1968,12,-1.39,27.27,-0.139
1969,1,-1.48,27.5,-0.075
1969,2,-2.2,27.86,0.092
1969,3,-2.04,27.82,0.194
1969,4,1.52,28.13,0.136
1969,5,0.56,28.29,-0.002
1969,6,0.86,27.69,0.016
1969,7,0.6,27.08,0.081
1969,8,-1.99,27.02,-0.114
1969,9,2.17,27.15,-0.12
1969,10,1.23,27.34,-0.198
1969,11,-1.14,27.1,-0.137
1969,12,-0.35,26.98,-0.044
1970,1,-2.26,26.83,-0.023
1970,2,0.28,26.95,-0.061
1970,3,-1.41,27.14,0.006
1970,4,-1.56,27.74,0.007
1970,5,1.11,27.63,-0.059
1970,6,1.87,27.04,-0.195
1970,7,0.13,26.21,-0.213
1970,8,0.0,25.6,-0.153
1970,9,0.06,25.65,-0.151
1970,10,-0.49,25.6,-0.209
1970,11,-0.76,25.57,-0.253
1970,12,-1.2,25.27,-0.222
1971,1,-1.82,24.81,-0.259
1971,2,-0.17,25.18,-0.305
1971,3,-1.28,25.92,-0.323
1971,4,-0.41,26.63,-0.426
1971,5,0.51,26.95,-0.339
1971,6,-1.28,26.6,-0.376
1971,7,0.27,26.13,-0.362
1971,8,1.87,25.75,-0.448
1971,9,0.53,25.72,-0.379
1971,10,1.14,25.47,-0.248
1971,11,-0.34,25.56,-0.256
1971,12,0.47,25.37,-0.321
1972,1,-0.19,25.62,-0.331
1972,2,-0.08,26.3,-0.393
1972,3,0.35,27.09,-0.452
1972,4,-0.38,27.89,-0.339
1972,5,0.93,28.32,-0.482
1972,6,1.19,28.18,-0.501
1972,7,0.21,28.14,-0.388
1972,8,1.57,27.95,-0.396
1972,9,0.03,27.95,-0.316
1972,10,1.7,28.26,-0.299
1972,11,0.43,28.61,-0.29
1972,12,0.09,28.69,-0.364
1973,1,-0.46,28.34,-0.387
1973,2,0.52,27.95,-0.406
1973,3,-0.09,27.55,-0.357
1973,4,-0.73,27.24,-0.277
1973,5,-0.36,26.96,-0.182
1973,6,0.7,26.55,-0.188
1973,7,0.6,25.76,-0.117
1973,8,-0.2,25.22,-0.146
1973,9,-0.15,25.06,-0.144
1973,10,-0.84,24.73,-0.229
1973,11,-1.11,24.33,-0.222
1973,12,0.21,24.33,-0.251
1974,1,1.05,24.46,-0.289
1974,2,-0.6,25.1,-0.296
1974,3,-0.43,25.84,-0.414
1974,4,0.41,26.46,-0.536
1974,5,-0.17,26.64,-0.513
1974,6,0.17,26.53,-0.46
1974,7,-0.73,26.39,-0.528
1974,8,-0.95,26.33,-0.481
1974,9,0.95,26.08,-0.519
1974,10,1.04,25.78,-0.521
1974,11,-0.7,25.61,-0.439
1974,12,1.3,25.63,-0.374
1975,1,0.17,26.09,-0.286
1975,2,-1.15,26.07,-0.351
1975,3,-1.04,26.19,-0.322
1975,4,-1.89,26.86,-0.358
1975,5,-0.43,26.8,-0.401
1975,6,-0.54,26.23,-0.308
1975,7,1.57,25.9,-0.285
1975,8,-0.46,25.33,-0.198
1975,9,1.67,25.05,-0.349
1975,10,-0.08,24.89,-0.367
1975,11,0.3,25.05,-0.354
1975,12,-0.09,24.67,-0.335
1976,1,-0.8,24.54,-0.398
1976,2,0.61,25.49,-0.454
1976,3,0.38,26.46,-0.507
1976,4,0.14,26.88,-0.439
1976,5,0.94,27.2,-0.501
1976,6,1.11,27.35,-0.497
1976,7,-0.29,27.13,-0.32
1976,8,2.34,26.98,-0.198
1976,9,-1.11,27.02,-0.206
1976,10,0.42,27.46,-0.306
1976,11,0.04,27.41,-0.429
1976,12,-1.57,27.09,-0.445
1977,1,-1.72,27.32,-0.402
1977,2,-1.0,27.13,-0.346
1977,3,-1.25,27.47,-0.196
1977,4,0.56,27.44,-0.23
1977,5,-0.75,27.72,-0.183
1977,6,-0.27,27.74,-0.12
1977,7,-0.42,27.38,-0.119
1977,8,-0.49,26.85,-0.158
1977,9,0.51,27.12,-0.245
1977,10,1.08,27.35,-0.237
1977,11,-0.21,27.19,-0.156
1977,12,-1.02,27.29,-0.218
1978,1,0.26,27.17,-0.119
1978,2,-2.94,27.0,-0.16
1978,3,0.33,27.09,-0.171
1978,4,-1.42,27.12,-0.208
1978,5,1.05,27.2,-0.217
1978,6,1.7,27.02,-0.346
1978,7,-1.11,26.74,-0.289
1978,8,0.7,26.07,-0.24
1978,9,0.6,26.01,-0.203
1978,10,2.61,26.25,-0.22
1978,11,3.06,26.33,-0.132
1978,12,-1.54,26.54,-0.195
1979,1,-2.12,26.41,-0.205
1979,2,-1.2,26.53,-0.164
1979,3,0.41,27.27,-0.241
1979,4,-2.01,27.83,-0.25
1979,5,-0.9,27.69,-0.13
1979,6,1.92,27.43,-0.055
1979,7,0.86,26.82,-0.107
1979,8,1.11,26.75,-0.128
1979,9,1.13,26.99,-0.122
1979,10,0.18,26.83,-0.1
1979,11,0.42,26.99,-0.098
1979,12,0.84,27.11,-0.072
1980,1,-1.38,27.08,-0.014
1980,2,-0.39,26.97,-0.091
1980,3,-0.73,27.31,-0.151
1980,4,1.26,27.75,-0.013
1980,5,-1.34,28.01,0.117
1980,6,-0.07,27.94,0.096
1980,7,-0.39,27.23,0.038
1980,8,-3.01,26.48,0.011
1980,9,0.79,26.44,-0.02
1980,10,-1.41,26.46,-0.074
1980,11,-0.52,26.6,-0.209
1980,12,0.63,26.65,-0.261
1981,1,-0.08,26.18,-0.189
1981,2,0.6,26.11,-0.188
1981,3,-1.65,26.64,-0.007
1981,4,0.25,27.29,-0.103
1981,5,0.24,27.36,-0.091
1981,6,-0.15,27.27,-0.07
1981,7,0.08,26.65,-0.102
1981,8,0.38,26.33,-0.123
1981,9,-1.27,26.53,-0.044
1981,10,-0.96,26.42,-0.194
1981,11,-0.53,26.29,-0.144
1981,12,-0.11,26.4,-0.014
1982,1,-1.55,26.67,-0.089
1982,2,0.86,26.59,-0.086
1982,3,0.8,27.41,-0.088
1982,4,-0.04,28.03,-0.19
1982,5,-0.44,28.39,-0.199
1982,6,-1.34,28.26,-0.192
1982,7,1.18,27.66,-0.236
1982,8,0.21,27.58,-0.317
1982,9,1.86,28.21,-0.315
1982,10,-0.29,28.71,-0.379
1982,11,1.55,28.62,-0.425
1982,12,1.56,28.8,-0.388
1983,1,1.34,28.89,-0.306
1983,2,-1.04,28.69,-0.112
1983,3,0.59,28.66,0.073
1983,4,-1.07,28.77,0.051
1983,5,-0.01,28.84,-0.056
1983,6,1.31,28.27,-0.062
1983,7,1.22,27.18,-0.023
1983,8,1.95,26.59,-0.166
1983,9,-0.95,26.2,-0.224
1983,10,1.22,25.56,-0.203
1983,11,-1.16,25.41,-0.166
1983,12,0.18,25.57,-0.011
1984,1,1.42,25.88,-0.114
1984,2,0.37,26.56,-0.096
1984,3,-0.79,26.77,-0.133
1984,4,-0.45,27.14,-0.165
1984,5,0.55,27.2,-0.174
1984,6,-0.12,26.83,-0.333
1984,7,-0.04,26.79,-0.274
1984,8,1.35,26.61,-0.234
1984,9,0.31,26.38,-0.217
1984,10,0.43,26.04,-0.352
1984,11,-0.2,25.52,-0.432
1984,12,-0.09,25.25,-0.326
1985,1,-2.38,25.38,-0.363
1985,2,-1.0,26.03,-0.338
1985,3,-0.19,26.5,-0.365
1985,4,0.2,26.64,-0.409
1985,5,-0.4,26.9,-0.346
1985,6,-0.5,26.81,-0.136
1985,7,1.25,26.56,-0.161
1985,8,-0.74,26.3,-0.29
1985,9,-0.36,26.02,-0.256
1985,10,1.49,26.23,-0.254
1985,11,-0.84,26.33,-0.304
1985,12,0.11,26.19,-0.345
1986,1,0.78,25.89,-0.352
1986,2,-1.58,26.05,-0.284
1986,3,1.39,26.87,-0.301
1986,4,-0.79,27.49,-0.333
1986,5,0.84,27.4,-0.237
1986,6,1.54,27.42,-0.27
1986,7,0.15,27.18,-0.258
1986,8,-1.53,27.17,-0.281
1986,9,-0.95,27.24,-0.229
1986,10,2.2,27.53,-0.327
1986,11,2.27,27.71,-0.406
1986,12,0.83,27.72,-0.38
1987,1,-1.85,27.68,-0.287
1987,2,-1.27,27.88,-0.227
1987,3,-0.26,28.27,-0.042
1987,4,2.03,28.39,0.02
1987,5,0.96,28.56,0.059
1987,6,-1.53,28.65,0.194
1987,7,0.55,28.59,0.27
1987,8,-1.19,28.42,0.27
1987,9,-1.04,28.36,0.185
1987,10,0.66,27.96,0.037
1987,11,0.06,27.77,-0.079
1987,12,0.21,27.54,0.034
1988,1,0.68,27.45,-0.051
1988,2,0.42,27.03,-0.126
1988,3,-0.58,27.38,-0.021
1988,4,-1.42,27.38,0.04
1988,5,0.64,26.68,0.126
1988,6,1.19,25.99,0.154
1988,7,-0.32,25.56,0.098
1988,8,-0.07,25.66,-0.02
1988,9,-0.82,25.72,-0.107
1988,10,-0.66,24.82,-0.183
1988,11,-0.49,24.65,-0.16
1988,12,0.48,24.63,-0.177
1989,1,0.85,24.58,-0.234
1989,2,1.82,25.28,-0.169
1989,3,1.54,26.08,-0.266
1989,4,0.16,26.74,-0.302
1989,5,1.33,27.06,-0.16
1989,6,0.03,27.14,0.078
1989,7,1.0,26.72,0.164
1989,8,-0.11,26.33,0.1
1989,9,2.15,26.42,-0.108
1989,10,0.48,26.32,-0.136
1989,11,0.03,26.25,-0.163
1989,12,-1.15,26.46,-0.166
1990,1,0.7,26.56,-0.312
1990,2,1.16,26.96,-0.175
1990,3,1.13,27.33,-0.192
1990,4,2.03,27.9,-0.131
1990,5,-1.37,28.02,-0.072
1990,6,0.29,27.64,-0.07
1990,7,0.56,27.38,-0.035
1990,8,1.12,27.07,0.039
1990,9,1.18,26.94,0.133
1990,10,0.76,26.93,0.099
1990,11,-0.39,26.81,-0.067
1990,12,0.11,26.95,-0.05
1991,1,0.49,27.03,-0.209
1991,2,0.74,27.07,-0.131
1991,3,-0.61,27.32,-0.083
1991,4,0.17,28.01,-0.147
1991,5,0.12,28.2,-0.168
1991,6,-0.52,28.25,-0.144
1991,7,-0.46,28.05,-0.122
1991,8,1.46,27.53,-0.123
1991,9,0.61,27.14,-0.052
1991,10,0.3,27.58,-0.277
1991,11,0.37,27.9,-0.276
1991,12,0.34,28.29,-0.229
1992,1,-0.66,28.38,-0.205
1992,2,0.77,28.53,-0.109
1992,3,0.51,28.66,-0.108
1992,4,1.88,29.02,-0.199
1992,5,2.49,28.98,-0.237
1992,6,0.51,28.3,-0.166
1992,7,0.19,27.51,-0.235
1992,8,0.97,26.91,-0.396
1992,9,-0.28,26.65,-0.385
1992,10,-1.4,26.42,-0.316
1992,11,1.12,26.42,-0.35
1992,12,0.35,26.44,-0.3
1993,1,1.35,26.69,-0.256
1993,2,0.12,27.16,-0.202
1993,3,0.3,27.67,-0.26
1993,4,0.91,28.41,-0.189
1993,5,-0.67,28.71,-0.18
1993,6,-0.29,28.08,-0.197
1993,7,-3.14,27.52,-0.293
1993,8,0.03,26.99,-0.245
1993,9,-0.41,27.07,-0.181
1993,10,-0.26,26.77,-0.259
1993,11,2.56,26.71,-0.335
1993,12,1.36,26.76,-0.31
1994,1,0.7,26.64,-0.313
1994,2,0.08,26.81,-0.326
1994,3,0.92,27.39,-0.296
1994,4,1.1,28.08,-0.217
1994,5,-0.48,28.24,-0.224
1994,6,1.84,28.04,-0.239
1994,7,1.34,27.54,-0.248
1994,8,0.36,27.38,-0.252
1994,9,-1.14,27.2,-0.169
1994,10,-0.54,27.47,-0.076
1994,11,0.54,27.81,-0.037
1994,12,1.78,27.85,-0.108
1995,1,0.57,27.57,-0.08
1995,2,0.85,27.49,-0.057
1995,3,0.91,27.75,-0.001
1995,4,-1.07,28.1,0.058
1995,5,-1.33,27.82,0.254
1995,6,0.44,27.59,0.346
1995,7,-0.19,27.08,0.296
1995,8,0.76,26.23,0.165
1995,9,0.45,25.88,0.036
1995,10,0.72,25.84,0.084
1995,11,-1.59,25.6,0.109
1995,12,-1.64,25.65,0.024
1996,1,-0.65,25.69,-0.028
1996,2,-0.52,25.89,-0.05
1996,3,-0.66,26.67,-0.075
1996,4,-0.33,27.35,-0.008
1996,5,-0.93,27.55,-0.083
1996,6,0.87,27.29,-0.141
1996,7,0.7,26.85,-0.123
1996,8,1.19,26.64,-0.026
1996,9,-0.69,26.27,-0.02
1996,10,0.15,26.27,-0.163
1996,11,-0.72,26.29,-0.192
1996,12,-1.4,25.95,-0.173
1997,1,-1.08,26.01,-0.109
1997,2,1.48,26.38,-0.054
1997,3,1.13,27.04,-0.013
1997,4,-1.25,27.98,-0.011
1997,5,-0.21,28.58,0.021
1997,6,-1.17,28.82,-0.01
1997,7,0.37,28.86,0.042
1997,8,0.94,28.75,-0.003
1997,9,0.74,28.85,0.091
1997,10,-1.34,29.08,0.132
1997,11,-1.08,29.12,0.033
1997,12,-0.98,28.89,0.113
1998,1,-0.05,28.93,0.112
1998,2,-0.57,28.78,0.273
1998,3,0.51,28.62,0.303
1998,4,-0.88,28.6,0.273
1998,5,-1.17,28.51,0.365
1998,6,-2.44,27.34,0.471
1998,7,-0.45,26.3,0.469
1998,8,-0.15,25.57,0.494
1998,9,-1.8,25.46,0.394
1998,10,0.2,25.25,0.363
1998,11,-0.43,25.24,0.298
1998,12,0.72,24.91,0.261
1999,1,0.39,24.86,0.032
1999,2,-0.11,25.43,0.039
1999,3,-0.16,26.33,0.05
1999,4,-1.18,26.7,0.033
1999,5,0.9,26.79,0.144
1999,6,1.44,26.53,0.161
1999,7,-0.87,26.13,0.179
1999,8,0.38,25.63,0.288
1999,9,0.5,25.63,0.166
1999,10,0.73,25.48,-0.002
1999,11,0.55,25.12,-0.067
1999,12,1.4,24.86,-0.004
2000,1,0.19,24.78,-0.102
2000,2,1.48,25.21,-0.057
2000,3,0.4,26.3,0.085
2000,4,-0.18,26.95,0.023
2000,5,1.52,27.07,0.086
2000,6,0.28,26.94,-0.037
2000,7,-1.0,26.63,0.053
2000,8,-0.5,26.37,0.084
2000,9,-0.06,26.2,0.083
2000,10,1.51,26.02,-0.059
2000,11,-1.1,25.92,-0.072
2000,12,-0.63,25.68,-0.146
2001,1,-0.22,25.81,-0.146
2001,2,0.07,26.12,-0.046
2001,3,-1.73,26.8,-0.005
2001,4,-0.15,27.33,-0.031
2001,5,0.03,27.6,-0.028
2001,6,0.11,27.54,0.179
2001,7,-0.22,27.25,0.116
2001,8,-0.22,26.8,0.158
2001,9,-0.49,26.52,0.267
2001,10,0.25,26.57,0.232
2001,11,0.53,26.33,0.137
2001,12,-0.86,26.19,0.194
2002,1,0.0,26.39,0.162
2002,2,0.8,26.71,0.146
2002,3,0.32,27.29,0.125
2002,4,1.14,27.84,0.008
2002,5,-0.15,28.24,-0.068
2002,6,0.69,28.44,-0.136
2002,7,0.65,28.03,-0.085
2002,8,0.36,27.72,0.087
2002,9,-0.54,27.81,0.06
2002,10,-1.97,27.96,0.092
2002,11,-0.32,28.17,0.0
2002,12,-0.96,27.97,-0.015
2003,1,-0.32,27.15,0.031
2003,2,0.26,27.39,-0.032
2003,3,-0.07,27.65,0.093
2003,4,-0.34,27.68,0.06
2003,5,0.06,27.32,0.132
2003,6,0.24,27.44,0.186
2003,7,0.16,27.5,0.257
2003,8,-0.22,27.11,0.396
2003,9,0.16,26.99,0.432
2003,10,-0.86,27.14,0.407
2003,11,0.77,27.04,0.204
2003,12,0.5,27.03,0.205
2004,1,-0.85,26.81,0.191
2004,2,-0.6,26.98,0.19
2004,3,0.67,27.4,0.138
2004,4,1.11,27.89,0.089
2004,5,0.23,28.0,-0.014
2004,6,-0.59,27.86,0.158
2004,7,1.16,27.78,0.208
2004,8,-0.74,27.62,0.297
2004,9,0.52,27.53,0.221
2004,10,-0.69,27.44,0.222
2004,11,0.63,27.36,0.201
2004,12,1.03,27.34,0.168
2005,1,1.26,27.21,0.091
2005,2,-0.51,27.11,0.106
2005,3,-2.32,27.73,0.264
2005,4,-0.47,28.08,0.272
2005,5,-1.11,28.24,0.273
2005,6,0.26,27.77,0.307
2005,7,-0.48,27.06,0.427
2005,8,0.35,26.8,0.42
2005,9,0.76,26.68,0.399
2005,10,-0.55,26.65,0.218
2005,11,-0.46,26.11,0.12
2005,12,-0.5,25.68,0.196
2006,1,0.97,25.63,0.104
2006,2,-1.02,26.08,0.055
2006,3,-1.75,26.57,0.04
2006,4,1.2,27.5,0.177
2006,5,-1.01,27.85,0.288
2006,6,1.15,27.73,0.313
2006,7,0.93,27.3,0.354
2006,8,-2.35,27.16,0.381
2006,9,-1.43,27.32,0.344
2006,10,-1.92,27.41,0.314
2006,11,0.33,27.69,0.269
2006,12,1.15,27.74,0.151
2007,1,-0.25,27.24,0.151
2007,2,-0.98,26.88,0.197
2007,3,1.11,27.1,0.107
2007,4,0.04,27.5,0.139
2007,5,0.66,27.46,0.091
2007,6,-1.01,27.37,0.068
2007,7,-0.55,26.71,0.109
2007,8,-0.31,26.14,0.035
2007,9,0.85,25.61,0.078
2007,10,1.0,25.32,0.138
2007,11,0.48,25.17,0.156
2007,12,0.23,25.01,0.091
2008,1,0.53,24.86,0.01
2008,2,0.38,25.08,0.108
2008,3,-0.32,26.07,0.138
2008,4,-1.31,26.83,0.022
2008,5,-1.55,27.09,0.152
2008,6,-1.09,27.04,0.236
2008,7,-1.24,26.99,0.186
2008,8,-1.62,26.72,0.155
2008,9,1.14,26.47,0.178
2008,10,0.47,26.37,0.082
2008,11,-0.47,26.25,-0.019
2008,12,-0.35,25.74,-0.002
2009,1,-0.52,25.66,-0.079
2009,2,-0.38,25.96,-0.185
2009,3,0.19,26.59,-0.18
2009,4,-0.36,27.47,-0.151
2009,5,1.61,27.99,-0.082
2009,6,-0.91,28.04,0.101
2009,7,-2.11,27.78,0.208
2009,8,-0.37,27.42,0.132
2009,9,1.62,27.4,0.037
2009,10,-0.61,27.6,0.144
2009,11,-0.16,28.16,0.049
2009,12,-1.88,28.34,0.062
2010,1,-1.8,28.07,0.019
2010,2,-2.69,28.01,0.157
2010,3,-1.33,28.18,0.267
2010,4,-0.93,28.2,0.405
2010,5,-1.33,27.71,0.439
2010,6,-0.52,27.04,0.427
2010,7,-0.39,26.22,0.429
2010,8,-1.69,25.47,0.505
2010,9,-0.62,25.12,0.428
2010,10,-0.5,25.03,0.303
2010,11,-1.84,25.06,0.215
2010,12,-1.8,25.0,0.187
2011,1,-1.53,25.0,0.123
2011,2,0.35,25.64,0.087
2011,3,0.24,26.36,0.034
2011,4,2.55,27.05,0.071
2011,5,-0.01,27.41,0.131
2011,6,-0.98,27.35,0.157
2011,7,-1.48,26.87,0.071
2011,8,-1.85,26.21,0.126
2011,9,0.67,25.92,0.123
2011,10,0.94,25.67,0.042
2011,11,1.3,25.52,-0.092
2011,12,2.25,25.54,-0.066
2012,1,0.86,25.67,-0.086
2012,2,0.03,26.08,-0.017
2012,3,0.93,26.67,0.005
2012,4,0.37,27.32,0.059
2012,5,-0.79,27.61,0.143
2012,6,-2.25,27.75,0.279
2012,7,-1.29,27.54,0.354
2012,8,-1.39,27.32,0.41
2012,9,-0.43,27.1,0.427
2012,10,-1.73,26.98,0.308
2012,11,-0.74,26.86,0.144
2012,12,0.07,26.34,0.12
2013,1,-0.11,26.01,0.107
2013,2,-0.96,26.24,0.094
2013,3,-2.09,27.03,0.137
2013,4,0.6,27.57,0.115
2013,5,0.58,27.53,0.08
2013,6,0.83,27.3,0.025
2013,7,0.7,26.91,0.169
2013,8,1.12,26.47,0.173
2013,9,0.38,26.54,0.233
2013,10,-0.88,26.52,0.325
2013,11,0.81,26.56,0.107
2013,12,0.79,26.43,0.015
2014,1,-0.17,26.05,-0.083
2014,2,1.07,26.14,-0.064
2014,3,0.44,27.0,-0.103
2014,4,0.19,27.9,-0.116
2014,5,-0.8,28.25,-0.023
2014,6,-0.67,27.96,0.04
2014,7,0.21,27.23,0.2
2014,8,-2.28,26.82,0.313
2014,9,1.72,27.01,0.288
2014,10,-0.87,27.16,0.27
2014,11,0.58,27.46,0.043
2014,12,1.63,27.31,0.037
2015,1,1.57,27.05,-0.03
2015,2,1.05,27.17,-0.026
2015,3,1.12,27.75,-0.151
2015,4,0.64,28.52,-0.093
2015,5,0.19,28.85,0.023
2015,6,0.24,28.9,0.007
2015,7,-3.14,28.75,0.11
2015,8,-1.1,28.79,0.156
2015,9,-0.49,28.93,0.278
2015,10,0.99,29.08,0.302
2015,11,1.7,29.42,0.164
2015,12,1.99,29.26,0.207
2016,1,-0.37,29.11,0.209
2016,2,1.35,29.01,0.133
2016,3,0.37,28.9,0.166
2016,4,0.26,28.72,0.155
2016,5,-0.67,28.23,0.322
2016,6,-0.13,27.69,0.387
2016,7,-1.72,26.82,0.41
2016,8,-2.24,26.28,0.434
2016,9,0.74,26.14,0.435
2016,10,0.96,25.98,0.358
2016,11,-0.31,25.94,0.368
2016,12,0.35,26.1,0.313
2017,1,0.05,26.12,0.203
2017,2,0.69,26.67,0.204
2017,3,0.37,27.32,0.145
2017,4,1.74,28.03,0.26
2017,5,-1.72,28.3,0.292
2017,6,0.35,28.06,0.285
2017,7,1.28,27.54,0.28
2017,8,-1.53,26.7,0.287
2017,9,-0.45,26.29,0.328
2017,10,0.71,26.15,0.411
2017,11,-0.14,25.74,0.329
2017,12,0.73,25.62,0.341
2018,1,1.17,25.57,0.15
2018,2,1.34,25.97,0.04
2018,3,-1.38,26.48,0.109
2018,4,1.2,27.31,0.041
2018,5,2.02,27.73,-0.023
2018,6,1.41,27.77,-0.034
2018,7,1.42,27.42,-0.005
2018,8,2.4,26.94,0.09
2018,9,1.78,27.19,0.139
2018,10,1.53,27.62,0.121
2018,11,-0.25,27.61,-0.143
2018,12,0.48,27.49,-0.083
2019,1,0.18,27.19,-0.037
2019,2,-0.11,27.46,0.058
2019,3,0.89,28.09,0.099
2019,4,0.36,28.44,0.101
2019,5,-2.38,28.48,0.065
2019,6,-0.79,28.18,0.151
2019,7,-1.39,27.64,0.329
2019,8,-1.62,26.9,0.315
2019,9,-0.01,26.75,0.223
2019,10,-1.03,27.2,0.136
2019,11,0.16,27.22,0.087
2019,12,1.02,27.12,0.142
2020,1,1.05,27.15,0.073
2020,2,0.98,27.12,0.333
2020,3,0.66,27.76,0.346
2020,4,-1.26,28.18,0.347
2020,5,-0.33,27.66,0.243
2020,6,0.16,27.39,0.249
2020,7,-1.19,26.99,0.341
2020,8,0.03,26.26,0.425
2020,9,1.11,25.89,0.296
2020,10,-0.2,25.46,0.289
2020,11,2.54,25.28,0.113
2020,12,-0.37,25.44,0.163
2021,1,-1.8,25.55,0.126
2021,2,-0.29,25.75,0.139
2021,3,0.36,26.48,0.112
2021,4,-1.69,27.1,0.054
2021,5,-1.1,27.47,0.072
2021,6,1.08,27.45,0.139
2021,7,0.06,26.9,0.21
2021,8,-0.49,26.32,0.245
2021,9,-0.06,26.17,0.402
2021,10,-1.98,25.77,0.475
2021,11,-0.33,25.76,0.445
2021,12,0.18,25.54,0.252
2022,1,0.74,25.6,0.176
2022,2,1.46,25.86,0.133
2022,3,0.4,26.31,0.009
2022,4,-0.54,26.7,0.11
2022,5,0.71,26.82,0.197
2022,6,0.19,26.98,0.199
2022,7,-0.06,26.6,0.136
2022,8,1.76,25.88,0.358
2022,9,-1.42,25.65,0.662
2022,10,-0.27,25.73,0.483
2022,11,0.59,25.8,0.282
2022,12,-0.22,25.75,0.218
2023,1,0.95,25.83,0.192
2023,2,0.6,26.29,
2023,3,-1.57,27.17,
2023,4,-0.83,27.96,
2023,5,0.41,28.39,
2023,6,-0.28,28.57,
2023,7,-2.14,28.32,
2023,8,-1.62,28.2,
2023,9,-0.28,28.32,
2023,10,-1.7,28.44,
2023,11,-0.47,28.72,
2023,12,1.7,28.62,
2024,1,-0.27,28.35,
2024,2,0.79,28.27,
2024,3,-0.63,28.41,
2024,4,-0.99,28.59,
2024,5,-0.36,28.16,
2024,6,0.22,27.9,
2024,7,1.48,27.34,
2024,8,0.69,26.73,
2024,9,-1.25,26.45,
2024,10,0.1,26.44,
2024,11,-0.38,26.45,
2024,12,1.03,26.0,
2025,1,-1.12,25.8,
2025,2,1.36,26.32,
2025,3,-0.09,27.29,
2025,4,0.05,27.68,
2025,5,0.5,27.8,
2025,6,1.01,27.66,
2025,7,0.51,27.15,
2025,8,0.21,26.49,
2025,9,-0.63,26.25,
2025,10,-0.53,26.22,
2025,11,-0.96,26.01,
2025,12,-0.69,25.93,
2026,1,-0.93,25.96,
2026,2,0.33,26.41,
2026,3,,,
2026,4,,,
2026,5,,,
2026,6,,,
2026,7,,,
2026,8,,,
2026,9,,,
2026,10,,,
2026,11,,,
2026,12,,,
